model,lambda_ss,time,mean_front_distance
hub,0.0000,0,0.000000
hub,0.0000,1,0.549298
hub,0.0000,2,0.958439
hub,0.0000,3,1.354310
hub,0.0000,4,1.735663
hub,0.0000,5,2.100852
hub,0.0000,6,2.475672
hub,0.0000,7,2.840812
hub,0.0000,8,3.201905
hub,0.0000,9,3.546634
hub,0.0000,10,3.903403
hub,0.0000,11,4.246585
hub,0.0000,12,4.591163
hub,0.0000,13,4.921397
hub,0.0000,14,5.243350
hub,0.0000,15,5.556550
hub,0.0000,16,5.868394
hub,0.0000,17,6.167794
hub,0.0000,18,6.448102
hub,0.0000,19,6.720288
hub,0.0000,20,6.975168
hub,0.0000,21,7.216199
hub,0.0000,22,7.417623
hub,0.0000,23,7.608191
hub,0.0000,24,7.780705
hub,0.0000,25,7.925631
hub,0.0000,26,8.060714
hub,0.0000,27,8.171683
hub,0.0000,28,8.258122
hub,0.0000,29,8.351230
hub,0.0000,30,8.419963
hub,0.0000,31,8.477598
hub,0.0000,32,8.522470
hub,0.0000,33,8.562271
hub,0.0000,34,8.597927
hub,0.0000,35,8.626236
hub,0.0000,36,8.650434
hub,0.0000,37,8.672468
hub,0.0000,38,8.691380
hub,0.0000,39,8.707041
hub,0.0000,40,8.725462
hub,0.0000,41,8.737659
hub,0.0000,42,8.747479
hub,0.0000,43,8.754158
hub,0.0000,44,8.759390
hub,0.0000,45,8.763922
hub,0.0000,46,8.766154
hub,0.0000,47,8.768545
hub,0.0000,48,8.771156
hub,0.0000,49,8.771976
hub,0.0000,50,8.772533
hub,0.0000,51,8.773202
hub,0.0000,52,8.774076
hub,0.0000,53,8.774739
hub,0.0000,54,8.775142
hub,0.0000,55,8.775566
hub,0.0000,56,8.775864
hub,0.0000,57,8.776364
hub,0.0000,58,8.776803
hub,0.0000,59,8.777524
hub,0.0000,60,8.777524
hub,0.0000,61,8.777524
hub,0.0000,62,8.777524
hub,0.0000,63,8.777524
hub,0.0000,64,8.777524
hub,0.0000,65,8.777524
hub,0.0000,66,8.777524
hub,0.0000,67,8.777524
hub,0.0000,68,8.777524
hub,0.0000,69,8.777524
hub,0.0000,70,8.777524
hub,0.0000,71,8.777524
hub,0.0000,72,8.777524
hub,0.0000,73,8.777524
hub,0.0000,74,8.777524
hub,0.0000,75,8.777524
hub,0.0000,76,8.777524
hub,0.0000,77,8.777524
hub,0.0000,78,8.777524
hub,0.0000,79,8.777524
hub,0.0000,80,8.777524
hub,0.0000,81,8.777524
hub,0.0000,82,8.777524
hub,0.0000,83,8.777524
hub,0.0000,84,8.777524
hub,0.0000,85,8.777524
hub,0.0000,86,8.777524
hub,0.0000,87,8.777524
hub,0.0000,88,8.777524
hub,0.0000,89,8.777524
hub,0.0000,90,8.777524
hub,0.0000,91,8.777524
hub,0.0000,92,8.777524
hub,0.0000,93,8.777524
hub,0.0000,94,8.777524
hub,0.0000,95,8.777524
hub,0.0000,96,8.777524
hub,0.0000,97,8.777524
hub,0.0000,98,8.777524
hub,0.0000,99,8.777524
hub,0.0000,100,8.777524
hub,0.0000,101,8.777524
hub,0.0000,102,8.777524
hub,0.0000,103,8.777524
hub,0.0000,104,8.777524
hub,0.0000,105,8.777524
hub,0.0000,106,8.777524
hub,0.0000,107,8.777524
hub,0.0000,108,8.777524
hub,0.0000,109,8.777524
hub,0.0000,110,8.777524
hub,0.0000,111,8.777524
hub,0.0000,112,8.777524
hub,0.0000,113,8.777524
hub,0.0000,114,8.777524
hub,0.0000,115,8.777524
hub,0.0000,116,8.777524
hub,0.0000,117,8.777524
hub,0.0000,118,8.777524
hub,0.0000,119,8.777524
hub,0.0000,120,8.777524
hub,0.0000,121,8.777524
hub,0.0000,122,8.777524
hub,0.0000,123,8.777524
hub,0.0000,124,8.777524
hub,0.0000,125,8.777524
hub,0.0000,126,8.777524
hub,0.0000,127,8.777524
hub,0.0000,128,8.777524
hub,0.0000,129,8.777524
hub,0.0000,130,8.777524
hub,0.0000,131,8.777524
hub,0.0000,132,8.777524
hub,0.0000,133,8.777524
hub,0.0000,134,8.777524
hub,0.0000,135,8.777524
hub,0.0000,136,8.777524
hub,0.0000,137,8.777524
hub,0.0000,138,8.777524
hub,0.0000,139,8.777524
hub,0.0000,140,8.777524
hub,0.0000,141,8.777524
hub,0.0000,142,8.777524
hub,0.0000,143,8.777524
hub,0.0000,144,8.777524
hub,0.0000,145,8.777524
hub,0.0000,146,8.777524
hub,0.0000,147,8.777524
hub,0.0000,148,8.777524
hub,0.0000,149,8.777524
hub,0.0000,150,8.777524
hub,0.0000,151,8.777524
hub,0.0000,152,8.777524
hub,0.0000,153,8.777524
hub,0.0000,154,8.777524
hub,0.0000,155,8.777524
hub,0.0000,156,8.777524
hub,0.0000,157,8.777524
hub,0.0000,158,8.777524
hub,0.0000,159,8.777524
hub,0.0000,160,8.777524
hub,0.0000,161,8.777524
hub,0.0000,162,8.777524
hub,0.0000,163,8.777524
hub,0.0000,164,8.777524
hub,0.0000,165,8.777524
hub,0.0000,166,8.777524
hub,0.0000,167,8.777524
hub,0.0000,168,8.777524
hub,0.0000,169,8.777524
hub,0.0000,170,8.777524
hub,0.0000,171,8.777524
hub,0.0000,172,8.777524
hub,0.0000,173,8.777524
hub,0.0000,174,8.777524
hub,0.0000,175,8.777524
hub,0.0000,176,8.777524
hub,0.0000,177,8.777524
hub,0.0000,178,8.777524
hub,0.0000,179,8.777524
hub,0.0000,180,8.777524
hub,0.0000,181,8.777524
hub,0.0000,182,8.777524
hub,0.0000,183,8.777524
hub,0.0000,184,8.777524
hub,0.0000,185,8.777524
hub,0.0000,186,8.777524
hub,0.0000,187,8.777524
hub,0.0000,188,8.777524
hub,0.0000,189,8.777524
hub,0.0000,190,8.777524
hub,0.0000,191,8.777524
hub,0.0000,192,8.777524
hub,0.0000,193,8.777524
hub,0.0000,194,8.777524
hub,0.0000,195,8.777524
hub,0.0000,196,8.777524
hub,0.0000,197,8.777524
hub,0.0000,198,8.777524
hub,0.0000,199,8.777524
hub,0.0000,200,8.777524
hub,0.2000,0,0.000000
hub,0.2000,1,0.793402
hub,0.2000,2,1.800391
hub,0.2000,3,2.859920
hub,0.2000,4,3.931507
hub,0.2000,5,5.012720
hub,0.2000,6,6.011344
hub,0.2000,7,6.885364
hub,0.2000,8,7.481232
hub,0.2000,9,7.792407
hub,0.2000,10,7.907726
hub,0.2000,11,7.941307
hub,0.2000,12,7.950917
hub,0.2000,13,7.953036
hub,0.2000,14,7.953036
hub,0.2000,15,7.953036
hub,0.2000,16,7.953036
hub,0.2000,17,7.953036
hub,0.2000,18,7.953036
hub,0.2000,19,7.953036
hub,0.2000,20,7.953036
hub,0.2000,21,7.953036
hub,0.2000,22,7.953036
hub,0.2000,23,7.953036
hub,0.2000,24,7.953036
hub,0.2000,25,7.953036
hub,0.2000,26,7.953036
hub,0.2000,27,7.953036
hub,0.2000,28,7.953036
hub,0.2000,29,7.953036
hub,0.2000,30,7.953036
hub,0.2000,31,7.953036
hub,0.2000,32,7.953036
hub,0.2000,33,7.953036
hub,0.2000,34,7.953036
hub,0.2000,35,7.953036
hub,0.2000,36,7.953036
hub,0.2000,37,7.953036
hub,0.2000,38,7.953036
hub,0.2000,39,7.953036
hub,0.2000,40,7.953036
hub,0.2000,41,7.953036
hub,0.2000,42,7.953036
hub,0.2000,43,7.953036
hub,0.2000,44,7.953036
hub,0.2000,45,7.953036
hub,0.2000,46,7.953036
hub,0.2000,47,7.953036
hub,0.2000,48,7.953036
hub,0.2000,49,7.953036
hub,0.2000,50,7.953036
hub,0.2000,51,7.953036
hub,0.2000,52,7.953036
hub,0.2000,53,7.953036
hub,0.2000,54,7.953036
hub,0.2000,55,7.953036
hub,0.2000,56,7.953036
hub,0.2000,57,7.953036
hub,0.2000,58,7.953036
hub,0.2000,59,7.953036
hub,0.2000,60,7.953036
hub,0.2000,61,7.953036
hub,0.2000,62,7.953036
hub,0.2000,63,7.953036
hub,0.2000,64,7.953036
hub,0.2000,65,7.953036
hub,0.2000,66,7.953036
hub,0.2000,67,7.953036
hub,0.2000,68,7.953036
hub,0.2000,69,7.953036
hub,0.2000,70,7.953036
hub,0.2000,71,7.953036
hub,0.2000,72,7.953036
hub,0.2000,73,7.953036
hub,0.2000,74,7.953036
hub,0.2000,75,7.953036
hub,0.2000,76,7.953036
hub,0.2000,77,7.953036
hub,0.2000,78,7.953036
hub,0.2000,79,7.953036
hub,0.2000,80,7.953036
hub,0.2000,81,7.953036
hub,0.2000,82,7.953036
hub,0.2000,83,7.953036
hub,0.2000,84,7.953036
hub,0.2000,85,7.953036
hub,0.2000,86,7.953036
hub,0.2000,87,7.953036
hub,0.2000,88,7.953036
hub,0.2000,89,7.953036
hub,0.2000,90,7.953036
hub,0.2000,91,7.953036
hub,0.2000,92,7.953036
hub,0.2000,93,7.953036
hub,0.2000,94,7.953036
hub,0.2000,95,7.953036
hub,0.2000,96,7.953036
hub,0.2000,97,7.953036
hub,0.2000,98,7.953036
hub,0.2000,99,7.953036
hub,0.2000,100,7.953036
hub,0.2000,101,7.953036
hub,0.2000,102,7.953036
hub,0.2000,103,7.953036
hub,0.2000,104,7.953036
hub,0.2000,105,7.953036
hub,0.2000,106,7.953036
hub,0.2000,107,7.953036
hub,0.2000,108,7.953036
hub,0.2000,109,7.953036
hub,0.2000,110,7.953036
hub,0.2000,111,7.953036
hub,0.2000,112,7.953036
hub,0.2000,113,7.953036
hub,0.2000,114,7.953036
hub,0.2000,115,7.953036
hub,0.2000,116,7.953036
hub,0.2000,117,7.953036
hub,0.2000,118,7.953036
hub,0.2000,119,7.953036
hub,0.2000,120,7.953036
hub,0.2000,121,7.953036
hub,0.2000,122,7.953036
hub,0.2000,123,7.953036
hub,0.2000,124,7.953036
hub,0.2000,125,7.953036
hub,0.2000,126,7.953036
hub,0.2000,127,7.953036
hub,0.2000,128,7.953036
hub,0.2000,129,7.953036
hub,0.2000,130,7.953036
hub,0.2000,131,7.953036
hub,0.2000,132,7.953036
hub,0.2000,133,7.953036
hub,0.2000,134,7.953036
hub,0.2000,135,7.953036
hub,0.2000,136,7.953036
hub,0.2000,137,7.953036
hub,0.2000,138,7.953036
hub,0.2000,139,7.953036
hub,0.2000,140,7.953036
hub,0.2000,141,7.953036
hub,0.2000,142,7.953036
hub,0.2000,143,7.953036
hub,0.2000,144,7.953036
hub,0.2000,145,7.953036
hub,0.2000,146,7.953036
hub,0.2000,147,7.953036
hub,0.2000,148,7.953036
hub,0.2000,149,7.953036
hub,0.2000,150,7.953036
hub,0.2000,151,7.953036
hub,0.2000,152,7.953036
hub,0.2000,153,7.953036
hub,0.2000,154,7.953036
hub,0.2000,155,7.953036
hub,0.2000,156,7.953036
hub,0.2000,157,7.953036
hub,0.2000,158,7.953036
hub,0.2000,159,7.953036
hub,0.2000,160,7.953036
hub,0.2000,161,7.953036
hub,0.2000,162,7.953036
hub,0.2000,163,7.953036
hub,0.2000,164,7.953036
hub,0.2000,165,7.953036
hub,0.2000,166,7.953036
hub,0.2000,167,7.953036
hub,0.2000,168,7.953036
hub,0.2000,169,7.953036
hub,0.2000,170,7.953036
hub,0.2000,171,7.953036
hub,0.2000,172,7.953036
hub,0.2000,173,7.953036
hub,0.2000,174,7.953036
hub,0.2000,175,7.953036
hub,0.2000,176,7.953036
hub,0.2000,177,7.953036
hub,0.2000,178,7.953036
hub,0.2000,179,7.953036
hub,0.2000,180,7.953036
hub,0.2000,181,7.953036
hub,0.2000,182,7.953036
hub,0.2000,183,7.953036
hub,0.2000,184,7.953036
hub,0.2000,185,7.953036
hub,0.2000,186,7.953036
hub,0.2000,187,7.953036
hub,0.2000,188,7.953036
hub,0.2000,189,7.953036
hub,0.2000,190,7.953036
hub,0.2000,191,7.953036
hub,0.2000,192,7.953036
hub,0.2000,193,7.953036
hub,0.2000,194,7.953036
hub,0.2000,195,7.953036
hub,0.2000,196,7.953036
hub,0.2000,197,7.953036
hub,0.2000,198,7.953036
hub,0.2000,199,7.953036
hub,0.2000,200,7.953036
hub,0.4000,0,0.000000
hub,0.4000,1,1.085283
hub,0.4000,2,2.436326
hub,0.4000,3,3.790810
hub,0.4000,4,5.121080
hub,0.4000,5,6.338209
hub,0.4000,6,7.247961
hub,0.4000,7,7.645996
hub,0.4000,8,7.720116
hub,0.4000,9,7.735467
hub,0.4000,10,7.739456
hub,0.4000,11,7.741937
hub,0.4000,12,7.742812
hub,0.4000,13,7.742812
hub,0.4000,14,7.742812
hub,0.4000,15,7.742812
hub,0.4000,16,7.742812
hub,0.4000,17,7.742812
hub,0.4000,18,7.742812
hub,0.4000,19,7.742812
hub,0.4000,20,7.742812
hub,0.4000,21,7.742812
hub,0.4000,22,7.742812
hub,0.4000,23,7.742812
hub,0.4000,24,7.742812
hub,0.4000,25,7.742812
hub,0.4000,26,7.742812
hub,0.4000,27,7.742812
hub,0.4000,28,7.742812
hub,0.4000,29,7.742812
hub,0.4000,30,7.742812
hub,0.4000,31,7.742812
hub,0.4000,32,7.742812
hub,0.4000,33,7.742812
hub,0.4000,34,7.742812
hub,0.4000,35,7.742812
hub,0.4000,36,7.742812
hub,0.4000,37,7.742812
hub,0.4000,38,7.742812
hub,0.4000,39,7.742812
hub,0.4000,40,7.742812
hub,0.4000,41,7.742812
hub,0.4000,42,7.742812
hub,0.4000,43,7.742812
hub,0.4000,44,7.742812
hub,0.4000,45,7.742812
hub,0.4000,46,7.742812
hub,0.4000,47,7.742812
hub,0.4000,48,7.742812
hub,0.4000,49,7.742812
hub,0.4000,50,7.742812
hub,0.4000,51,7.742812
hub,0.4000,52,7.742812
hub,0.4000,53,7.742812
hub,0.4000,54,7.742812
hub,0.4000,55,7.742812
hub,0.4000,56,7.742812
hub,0.4000,57,7.742812
hub,0.4000,58,7.742812
hub,0.4000,59,7.742812
hub,0.4000,60,7.742812
hub,0.4000,61,7.742812
hub,0.4000,62,7.742812
hub,0.4000,63,7.742812
hub,0.4000,64,7.742812
hub,0.4000,65,7.742812
hub,0.4000,66,7.742812
hub,0.4000,67,7.742812
hub,0.4000,68,7.742812
hub,0.4000,69,7.742812
hub,0.4000,70,7.742812
hub,0.4000,71,7.742812
hub,0.4000,72,7.742812
hub,0.4000,73,7.742812
hub,0.4000,74,7.742812
hub,0.4000,75,7.742812
hub,0.4000,76,7.742812
hub,0.4000,77,7.742812
hub,0.4000,78,7.742812
hub,0.4000,79,7.742812
hub,0.4000,80,7.742812
hub,0.4000,81,7.742812
hub,0.4000,82,7.742812
hub,0.4000,83,7.742812
hub,0.4000,84,7.742812
hub,0.4000,85,7.742812
hub,0.4000,86,7.742812
hub,0.4000,87,7.742812
hub,0.4000,88,7.742812
hub,0.4000,89,7.742812
hub,0.4000,90,7.742812
hub,0.4000,91,7.742812
hub,0.4000,92,7.742812
hub,0.4000,93,7.742812
hub,0.4000,94,7.742812
hub,0.4000,95,7.742812
hub,0.4000,96,7.742812
hub,0.4000,97,7.742812
hub,0.4000,98,7.742812
hub,0.4000,99,7.742812
hub,0.4000,100,7.742812
hub,0.4000,101,7.742812
hub,0.4000,102,7.742812
hub,0.4000,103,7.742812
hub,0.4000,104,7.742812
hub,0.4000,105,7.742812
hub,0.4000,106,7.742812
hub,0.4000,107,7.742812
hub,0.4000,108,7.742812
hub,0.4000,109,7.742812
hub,0.4000,110,7.742812
hub,0.4000,111,7.742812
hub,0.4000,112,7.742812
hub,0.4000,113,7.742812
hub,0.4000,114,7.742812
hub,0.4000,115,7.742812
hub,0.4000,116,7.742812
hub,0.4000,117,7.742812
hub,0.4000,118,7.742812
hub,0.4000,119,7.742812
hub,0.4000,120,7.742812
hub,0.4000,121,7.742812
hub,0.4000,122,7.742812
hub,0.4000,123,7.742812
hub,0.4000,124,7.742812
hub,0.4000,125,7.742812
hub,0.4000,126,7.742812
hub,0.4000,127,7.742812
hub,0.4000,128,7.742812
hub,0.4000,129,7.742812
hub,0.4000,130,7.742812
hub,0.4000,131,7.742812
hub,0.4000,132,7.742812
hub,0.4000,133,7.742812
hub,0.4000,134,7.742812
hub,0.4000,135,7.742812
hub,0.4000,136,7.742812
hub,0.4000,137,7.742812
hub,0.4000,138,7.742812
hub,0.4000,139,7.742812
hub,0.4000,140,7.742812
hub,0.4000,141,7.742812
hub,0.4000,142,7.742812
hub,0.4000,143,7.742812
hub,0.4000,144,7.742812
hub,0.4000,145,7.742812
hub,0.4000,146,7.742812
hub,0.4000,147,7.742812
hub,0.4000,148,7.742812
hub,0.4000,149,7.742812
hub,0.4000,150,7.742812
hub,0.4000,151,7.742812
hub,0.4000,152,7.742812
hub,0.4000,153,7.742812
hub,0.4000,154,7.742812
hub,0.4000,155,7.742812
hub,0.4000,156,7.742812
hub,0.4000,157,7.742812
hub,0.4000,158,7.742812
hub,0.4000,159,7.742812
hub,0.4000,160,7.742812
hub,0.4000,161,7.742812
hub,0.4000,162,7.742812
hub,0.4000,163,7.742812
hub,0.4000,164,7.742812
hub,0.4000,165,7.742812
hub,0.4000,166,7.742812
hub,0.4000,167,7.742812
hub,0.4000,168,7.742812
hub,0.4000,169,7.742812
hub,0.4000,170,7.742812
hub,0.4000,171,7.742812
hub,0.4000,172,7.742812
hub,0.4000,173,7.742812
hub,0.4000,174,7.742812
hub,0.4000,175,7.742812
hub,0.4000,176,7.742812
hub,0.4000,177,7.742812
hub,0.4000,178,7.742812
hub,0.4000,179,7.742812
hub,0.4000,180,7.742812
hub,0.4000,181,7.742812
hub,0.4000,182,7.742812
hub,0.4000,183,7.742812
hub,0.4000,184,7.742812
hub,0.4000,185,7.742812
hub,0.4000,186,7.742812
hub,0.4000,187,7.742812
hub,0.4000,188,7.742812
hub,0.4000,189,7.742812
hub,0.4000,190,7.742812
hub,0.4000,191,7.742812
hub,0.4000,192,7.742812
hub,0.4000,193,7.742812
hub,0.4000,194,7.742812
hub,0.4000,195,7.742812
hub,0.4000,196,7.742812
hub,0.4000,197,7.742812
hub,0.4000,198,7.742812
hub,0.4000,199,7.742812
hub,0.4000,200,7.742812
hub,0.6000,0,0.000000
hub,0.6000,1,1.333635
hub,0.6000,2,2.836482
hub,0.6000,3,4.318499
hub,0.6000,4,5.726433
hub,0.6000,5,6.950168
hub,0.6000,6,7.538009
hub,0.6000,7,7.610782
hub,0.6000,8,7.619748
hub,0.6000,9,7.619748
hub,0.6000,10,7.619748
hub,0.6000,11,7.619748
hub,0.6000,12,7.619748
hub,0.6000,13,7.619748
hub,0.6000,14,7.619748
hub,0.6000,15,7.619748
hub,0.6000,16,7.619748
hub,0.6000,17,7.619748
hub,0.6000,18,7.619748
hub,0.6000,19,7.619748
hub,0.6000,20,7.619748
hub,0.6000,21,7.619748
hub,0.6000,22,7.619748
hub,0.6000,23,7.619748
hub,0.6000,24,7.619748
hub,0.6000,25,7.619748
hub,0.6000,26,7.619748
hub,0.6000,27,7.619748
hub,0.6000,28,7.619748
hub,0.6000,29,7.619748
hub,0.6000,30,7.619748
hub,0.6000,31,7.619748
hub,0.6000,32,7.619748
hub,0.6000,33,7.619748
hub,0.6000,34,7.619748
hub,0.6000,35,7.619748
hub,0.6000,36,7.619748
hub,0.6000,37,7.619748
hub,0.6000,38,7.619748
hub,0.6000,39,7.619748
hub,0.6000,40,7.619748
hub,0.6000,41,7.619748
hub,0.6000,42,7.619748
hub,0.6000,43,7.619748
hub,0.6000,44,7.619748
hub,0.6000,45,7.619748
hub,0.6000,46,7.619748
hub,0.6000,47,7.619748
hub,0.6000,48,7.619748
hub,0.6000,49,7.619748
hub,0.6000,50,7.619748
hub,0.6000,51,7.619748
hub,0.6000,52,7.619748
hub,0.6000,53,7.619748
hub,0.6000,54,7.619748
hub,0.6000,55,7.619748
hub,0.6000,56,7.619748
hub,0.6000,57,7.619748
hub,0.6000,58,7.619748
hub,0.6000,59,7.619748
hub,0.6000,60,7.619748
hub,0.6000,61,7.619748
hub,0.6000,62,7.619748
hub,0.6000,63,7.619748
hub,0.6000,64,7.619748
hub,0.6000,65,7.619748
hub,0.6000,66,7.619748
hub,0.6000,67,7.619748
hub,0.6000,68,7.619748
hub,0.6000,69,7.619748
hub,0.6000,70,7.619748
hub,0.6000,71,7.619748
hub,0.6000,72,7.619748
hub,0.6000,73,7.619748
hub,0.6000,74,7.619748
hub,0.6000,75,7.619748
hub,0.6000,76,7.619748
hub,0.6000,77,7.619748
hub,0.6000,78,7.619748
hub,0.6000,79,7.619748
hub,0.6000,80,7.619748
hub,0.6000,81,7.619748
hub,0.6000,82,7.619748
hub,0.6000,83,7.619748
hub,0.6000,84,7.619748
hub,0.6000,85,7.619748
hub,0.6000,86,7.619748
hub,0.6000,87,7.619748
hub,0.6000,88,7.619748
hub,0.6000,89,7.619748
hub,0.6000,90,7.619748
hub,0.6000,91,7.619748
hub,0.6000,92,7.619748
hub,0.6000,93,7.619748
hub,0.6000,94,7.619748
hub,0.6000,95,7.619748
hub,0.6000,96,7.619748
hub,0.6000,97,7.619748
hub,0.6000,98,7.619748
hub,0.6000,99,7.619748
hub,0.6000,100,7.619748
hub,0.6000,101,7.619748
hub,0.6000,102,7.619748
hub,0.6000,103,7.619748
hub,0.6000,104,7.619748
hub,0.6000,105,7.619748
hub,0.6000,106,7.619748
hub,0.6000,107,7.619748
hub,0.6000,108,7.619748
hub,0.6000,109,7.619748
hub,0.6000,110,7.619748
hub,0.6000,111,7.619748
hub,0.6000,112,7.619748
hub,0.6000,113,7.619748
hub,0.6000,114,7.619748
hub,0.6000,115,7.619748
hub,0.6000,116,7.619748
hub,0.6000,117,7.619748
hub,0.6000,118,7.619748
hub,0.6000,119,7.619748
hub,0.6000,120,7.619748
hub,0.6000,121,7.619748
hub,0.6000,122,7.619748
hub,0.6000,123,7.619748
hub,0.6000,124,7.619748
hub,0.6000,125,7.619748
hub,0.6000,126,7.619748
hub,0.6000,127,7.619748
hub,0.6000,128,7.619748
hub,0.6000,129,7.619748
hub,0.6000,130,7.619748
hub,0.6000,131,7.619748
hub,0.6000,132,7.619748
hub,0.6000,133,7.619748
hub,0.6000,134,7.619748
hub,0.6000,135,7.619748
hub,0.6000,136,7.619748
hub,0.6000,137,7.619748
hub,0.6000,138,7.619748
hub,0.6000,139,7.619748
hub,0.6000,140,7.619748
hub,0.6000,141,7.619748
hub,0.6000,142,7.619748
hub,0.6000,143,7.619748
hub,0.6000,144,7.619748
hub,0.6000,145,7.619748
hub,0.6000,146,7.619748
hub,0.6000,147,7.619748
hub,0.6000,148,7.619748
hub,0.6000,149,7.619748
hub,0.6000,150,7.619748
hub,0.6000,151,7.619748
hub,0.6000,152,7.619748
hub,0.6000,153,7.619748
hub,0.6000,154,7.619748
hub,0.6000,155,7.619748
hub,0.6000,156,7.619748
hub,0.6000,157,7.619748
hub,0.6000,158,7.619748
hub,0.6000,159,7.619748
hub,0.6000,160,7.619748
hub,0.6000,161,7.619748
hub,0.6000,162,7.619748
hub,0.6000,163,7.619748
hub,0.6000,164,7.619748
hub,0.6000,165,7.619748
hub,0.6000,166,7.619748
hub,0.6000,167,7.619748
hub,0.6000,168,7.619748
hub,0.6000,169,7.619748
hub,0.6000,170,7.619748
hub,0.6000,171,7.619748
hub,0.6000,172,7.619748
hub,0.6000,173,7.619748
hub,0.6000,174,7.619748
hub,0.6000,175,7.619748
hub,0.6000,176,7.619748
hub,0.6000,177,7.619748
hub,0.6000,178,7.619748
hub,0.6000,179,7.619748
hub,0.6000,180,7.619748
hub,0.6000,181,7.619748
hub,0.6000,182,7.619748
hub,0.6000,183,7.619748
hub,0.6000,184,7.619748
hub,0.6000,185,7.619748
hub,0.6000,186,7.619748
hub,0.6000,187,7.619748
hub,0.6000,188,7.619748
hub,0.6000,189,7.619748
hub,0.6000,190,7.619748
hub,0.6000,191,7.619748
hub,0.6000,192,7.619748
hub,0.6000,193,7.619748
hub,0.6000,194,7.619748
hub,0.6000,195,7.619748
hub,0.6000,196,7.619748
hub,0.6000,197,7.619748
hub,0.6000,198,7.619748
hub,0.6000,199,7.619748
hub,0.6000,200,7.619748
hub,0.8000,0,0.000000
hub,0.8000,1,1.615060
hub,0.8000,2,3.222123
hub,0.8000,3,4.825463
hub,0.8000,4,6.262874
hub,0.8000,5,7.399277
hub,0.8000,6,7.636548
hub,0.8000,7,7.641407
hub,0.8000,8,7.641407
hub,0.8000,9,7.641407
hub,0.8000,10,7.641407
hub,0.8000,11,7.641407
hub,0.8000,12,7.641407
hub,0.8000,13,7.641407
hub,0.8000,14,7.641407
hub,0.8000,15,7.641407
hub,0.8000,16,7.641407
hub,0.8000,17,7.641407
hub,0.8000,18,7.641407
hub,0.8000,19,7.641407
hub,0.8000,20,7.641407
hub,0.8000,21,7.641407
hub,0.8000,22,7.641407
hub,0.8000,23,7.641407
hub,0.8000,24,7.641407
hub,0.8000,25,7.641407
hub,0.8000,26,7.641407
hub,0.8000,27,7.641407
hub,0.8000,28,7.641407
hub,0.8000,29,7.641407
hub,0.8000,30,7.641407
hub,0.8000,31,7.641407
hub,0.8000,32,7.641407
hub,0.8000,33,7.641407
hub,0.8000,34,7.641407
hub,0.8000,35,7.641407
hub,0.8000,36,7.641407
hub,0.8000,37,7.641407
hub,0.8000,38,7.641407
hub,0.8000,39,7.641407
hub,0.8000,40,7.641407
hub,0.8000,41,7.641407
hub,0.8000,42,7.641407
hub,0.8000,43,7.641407
hub,0.8000,44,7.641407
hub,0.8000,45,7.641407
hub,0.8000,46,7.641407
hub,0.8000,47,7.641407
hub,0.8000,48,7.641407
hub,0.8000,49,7.641407
hub,0.8000,50,7.641407
hub,0.8000,51,7.641407
hub,0.8000,52,7.641407
hub,0.8000,53,7.641407
hub,0.8000,54,7.641407
hub,0.8000,55,7.641407
hub,0.8000,56,7.641407
hub,0.8000,57,7.641407
hub,0.8000,58,7.641407
hub,0.8000,59,7.641407
hub,0.8000,60,7.641407
hub,0.8000,61,7.641407
hub,0.8000,62,7.641407
hub,0.8000,63,7.641407
hub,0.8000,64,7.641407
hub,0.8000,65,7.641407
hub,0.8000,66,7.641407
hub,0.8000,67,7.641407
hub,0.8000,68,7.641407
hub,0.8000,69,7.641407
hub,0.8000,70,7.641407
hub,0.8000,71,7.641407
hub,0.8000,72,7.641407
hub,0.8000,73,7.641407
hub,0.8000,74,7.641407
hub,0.8000,75,7.641407
hub,0.8000,76,7.641407
hub,0.8000,77,7.641407
hub,0.8000,78,7.641407
hub,0.8000,79,7.641407
hub,0.8000,80,7.641407
hub,0.8000,81,7.641407
hub,0.8000,82,7.641407
hub,0.8000,83,7.641407
hub,0.8000,84,7.641407
hub,0.8000,85,7.641407
hub,0.8000,86,7.641407
hub,0.8000,87,7.641407
hub,0.8000,88,7.641407
hub,0.8000,89,7.641407
hub,0.8000,90,7.641407
hub,0.8000,91,7.641407
hub,0.8000,92,7.641407
hub,0.8000,93,7.641407
hub,0.8000,94,7.641407
hub,0.8000,95,7.641407
hub,0.8000,96,7.641407
hub,0.8000,97,7.641407
hub,0.8000,98,7.641407
hub,0.8000,99,7.641407
hub,0.8000,100,7.641407
hub,0.8000,101,7.641407
hub,0.8000,102,7.641407
hub,0.8000,103,7.641407
hub,0.8000,104,7.641407
hub,0.8000,105,7.641407
hub,0.8000,106,7.641407
hub,0.8000,107,7.641407
hub,0.8000,108,7.641407
hub,0.8000,109,7.641407
hub,0.8000,110,7.641407
hub,0.8000,111,7.641407
hub,0.8000,112,7.641407
hub,0.8000,113,7.641407
hub,0.8000,114,7.641407
hub,0.8000,115,7.641407
hub,0.8000,116,7.641407
hub,0.8000,117,7.641407
hub,0.8000,118,7.641407
hub,0.8000,119,7.641407
hub,0.8000,120,7.641407
hub,0.8000,121,7.641407
hub,0.8000,122,7.641407
hub,0.8000,123,7.641407
hub,0.8000,124,7.641407
hub,0.8000,125,7.641407
hub,0.8000,126,7.641407
hub,0.8000,127,7.641407
hub,0.8000,128,7.641407
hub,0.8000,129,7.641407
hub,0.8000,130,7.641407
hub,0.8000,131,7.641407
hub,0.8000,132,7.641407
hub,0.8000,133,7.641407
hub,0.8000,134,7.641407
hub,0.8000,135,7.641407
hub,0.8000,136,7.641407
hub,0.8000,137,7.641407
hub,0.8000,138,7.641407
hub,0.8000,139,7.641407
hub,0.8000,140,7.641407
hub,0.8000,141,7.641407
hub,0.8000,142,7.641407
hub,0.8000,143,7.641407
hub,0.8000,144,7.641407
hub,0.8000,145,7.641407
hub,0.8000,146,7.641407
hub,0.8000,147,7.641407
hub,0.8000,148,7.641407
hub,0.8000,149,7.641407
hub,0.8000,150,7.641407
hub,0.8000,151,7.641407
hub,0.8000,152,7.641407
hub,0.8000,153,7.641407
hub,0.8000,154,7.641407
hub,0.8000,155,7.641407
hub,0.8000,156,7.641407
hub,0.8000,157,7.641407
hub,0.8000,158,7.641407
hub,0.8000,159,7.641407
hub,0.8000,160,7.641407
hub,0.8000,161,7.641407
hub,0.8000,162,7.641407
hub,0.8000,163,7.641407
hub,0.8000,164,7.641407
hub,0.8000,165,7.641407
hub,0.8000,166,7.641407
hub,0.8000,167,7.641407
hub,0.8000,168,7.641407
hub,0.8000,169,7.641407
hub,0.8000,170,7.641407
hub,0.8000,171,7.641407
hub,0.8000,172,7.641407
hub,0.8000,173,7.641407
hub,0.8000,174,7.641407
hub,0.8000,175,7.641407
hub,0.8000,176,7.641407
hub,0.8000,177,7.641407
hub,0.8000,178,7.641407
hub,0.8000,179,7.641407
hub,0.8000,180,7.641407
hub,0.8000,181,7.641407
hub,0.8000,182,7.641407
hub,0.8000,183,7.641407
hub,0.8000,184,7.641407
hub,0.8000,185,7.641407
hub,0.8000,186,7.641407
hub,0.8000,187,7.641407
hub,0.8000,188,7.641407
hub,0.8000,189,7.641407
hub,0.8000,190,7.641407
hub,0.8000,191,7.641407
hub,0.8000,192,7.641407
hub,0.8000,193,7.641407
hub,0.8000,194,7.641407
hub,0.8000,195,7.641407
hub,0.8000,196,7.641407
hub,0.8000,197,7.641407
hub,0.8000,198,7.641407
hub,0.8000,199,7.641407
hub,0.8000,200,7.641407
hub,1.0000,0,0.000000
hub,1.0000,1,1.903798
hub,1.0000,2,3.589276
hub,1.0000,3,5.251187
hub,1.0000,4,6.719806
hub,1.0000,5,7.693205
hub,1.0000,6,7.698757
hub,1.0000,7,7.698757
hub,1.0000,8,7.698757
hub,1.0000,9,7.698757
hub,1.0000,10,7.698757
hub,1.0000,11,7.698757
hub,1.0000,12,7.698757
hub,1.0000,13,7.698757
hub,1.0000,14,7.698757
hub,1.0000,15,7.698757
hub,1.0000,16,7.698757
hub,1.0000,17,7.698757
hub,1.0000,18,7.698757
hub,1.0000,19,7.698757
hub,1.0000,20,7.698757
hub,1.0000,21,7.698757
hub,1.0000,22,7.698757
hub,1.0000,23,7.698757
hub,1.0000,24,7.698757
hub,1.0000,25,7.698757
hub,1.0000,26,7.698757
hub,1.0000,27,7.698757
hub,1.0000,28,7.698757
hub,1.0000,29,7.698757
hub,1.0000,30,7.698757
hub,1.0000,31,7.698757
hub,1.0000,32,7.698757
hub,1.0000,33,7.698757
hub,1.0000,34,7.698757
hub,1.0000,35,7.698757
hub,1.0000,36,7.698757
hub,1.0000,37,7.698757
hub,1.0000,38,7.698757
hub,1.0000,39,7.698757
hub,1.0000,40,7.698757
hub,1.0000,41,7.698757
hub,1.0000,42,7.698757
hub,1.0000,43,7.698757
hub,1.0000,44,7.698757
hub,1.0000,45,7.698757
hub,1.0000,46,7.698757
hub,1.0000,47,7.698757
hub,1.0000,48,7.698757
hub,1.0000,49,7.698757
hub,1.0000,50,7.698757
hub,1.0000,51,7.698757
hub,1.0000,52,7.698757
hub,1.0000,53,7.698757
hub,1.0000,54,7.698757
hub,1.0000,55,7.698757
hub,1.0000,56,7.698757
hub,1.0000,57,7.698757
hub,1.0000,58,7.698757
hub,1.0000,59,7.698757
hub,1.0000,60,7.698757
hub,1.0000,61,7.698757
hub,1.0000,62,7.698757
hub,1.0000,63,7.698757
hub,1.0000,64,7.698757
hub,1.0000,65,7.698757
hub,1.0000,66,7.698757
hub,1.0000,67,7.698757
hub,1.0000,68,7.698757
hub,1.0000,69,7.698757
hub,1.0000,70,7.698757
hub,1.0000,71,7.698757
hub,1.0000,72,7.698757
hub,1.0000,73,7.698757
hub,1.0000,74,7.698757
hub,1.0000,75,7.698757
hub,1.0000,76,7.698757
hub,1.0000,77,7.698757
hub,1.0000,78,7.698757
hub,1.0000,79,7.698757
hub,1.0000,80,7.698757
hub,1.0000,81,7.698757
hub,1.0000,82,7.698757
hub,1.0000,83,7.698757
hub,1.0000,84,7.698757
hub,1.0000,85,7.698757
hub,1.0000,86,7.698757
hub,1.0000,87,7.698757
hub,1.0000,88,7.698757
hub,1.0000,89,7.698757
hub,1.0000,90,7.698757
hub,1.0000,91,7.698757
hub,1.0000,92,7.698757
hub,1.0000,93,7.698757
hub,1.0000,94,7.698757
hub,1.0000,95,7.698757
hub,1.0000,96,7.698757
hub,1.0000,97,7.698757
hub,1.0000,98,7.698757
hub,1.0000,99,7.698757
hub,1.0000,100,7.698757
hub,1.0000,101,7.698757
hub,1.0000,102,7.698757
hub,1.0000,103,7.698757
hub,1.0000,104,7.698757
hub,1.0000,105,7.698757
hub,1.0000,106,7.698757
hub,1.0000,107,7.698757
hub,1.0000,108,7.698757
hub,1.0000,109,7.698757
hub,1.0000,110,7.698757
hub,1.0000,111,7.698757
hub,1.0000,112,7.698757
hub,1.0000,113,7.698757
hub,1.0000,114,7.698757
hub,1.0000,115,7.698757
hub,1.0000,116,7.698757
hub,1.0000,117,7.698757
hub,1.0000,118,7.698757
hub,1.0000,119,7.698757
hub,1.0000,120,7.698757
hub,1.0000,121,7.698757
hub,1.0000,122,7.698757
hub,1.0000,123,7.698757
hub,1.0000,124,7.698757
hub,1.0000,125,7.698757
hub,1.0000,126,7.698757
hub,1.0000,127,7.698757
hub,1.0000,128,7.698757
hub,1.0000,129,7.698757
hub,1.0000,130,7.698757
hub,1.0000,131,7.698757
hub,1.0000,132,7.698757
hub,1.0000,133,7.698757
hub,1.0000,134,7.698757
hub,1.0000,135,7.698757
hub,1.0000,136,7.698757
hub,1.0000,137,7.698757
hub,1.0000,138,7.698757
hub,1.0000,139,7.698757
hub,1.0000,140,7.698757
hub,1.0000,141,7.698757
hub,1.0000,142,7.698757
hub,1.0000,143,7.698757
hub,1.0000,144,7.698757
hub,1.0000,145,7.698757
hub,1.0000,146,7.698757
hub,1.0000,147,7.698757
hub,1.0000,148,7.698757
hub,1.0000,149,7.698757
hub,1.0000,150,7.698757
hub,1.0000,151,7.698757
hub,1.0000,152,7.698757
hub,1.0000,153,7.698757
hub,1.0000,154,7.698757
hub,1.0000,155,7.698757
hub,1.0000,156,7.698757
hub,1.0000,157,7.698757
hub,1.0000,158,7.698757
hub,1.0000,159,7.698757
hub,1.0000,160,7.698757
hub,1.0000,161,7.698757
hub,1.0000,162,7.698757
hub,1.0000,163,7.698757
hub,1.0000,164,7.698757
hub,1.0000,165,7.698757
hub,1.0000,166,7.698757
hub,1.0000,167,7.698757
hub,1.0000,168,7.698757
hub,1.0000,169,7.698757
hub,1.0000,170,7.698757
hub,1.0000,171,7.698757
hub,1.0000,172,7.698757
hub,1.0000,173,7.698757
hub,1.0000,174,7.698757
hub,1.0000,175,7.698757
hub,1.0000,176,7.698757
hub,1.0000,177,7.698757
hub,1.0000,178,7.698757
hub,1.0000,179,7.698757
hub,1.0000,180,7.698757
hub,1.0000,181,7.698757
hub,1.0000,182,7.698757
hub,1.0000,183,7.698757
hub,1.0000,184,7.698757
hub,1.0000,185,7.698757
hub,1.0000,186,7.698757
hub,1.0000,187,7.698757
hub,1.0000,188,7.698757
hub,1.0000,189,7.698757
hub,1.0000,190,7.698757
hub,1.0000,191,7.698757
hub,1.0000,192,7.698757
hub,1.0000,193,7.698757
hub,1.0000,194,7.698757
hub,1.0000,195,7.698757
hub,1.0000,196,7.698757
hub,1.0000,197,7.698757
hub,1.0000,198,7.698757
hub,1.0000,199,7.698757
hub,1.0000,200,7.698757
strong,0.0000,0,0.000000
strong,0.0000,1,0.549298
strong,0.0000,2,0.958439
strong,0.0000,3,1.354310
strong,0.0000,4,1.735663
strong,0.0000,5,2.100852
strong,0.0000,6,2.475672
strong,0.0000,7,2.840812
strong,0.0000,8,3.201905
strong,0.0000,9,3.546634
strong,0.0000,10,3.903403
strong,0.0000,11,4.246585
strong,0.0000,12,4.591163
strong,0.0000,13,4.921397
strong,0.0000,14,5.243350
strong,0.0000,15,5.556550
strong,0.0000,16,5.868394
strong,0.0000,17,6.167794
strong,0.0000,18,6.448102
strong,0.0000,19,6.720288
strong,0.0000,20,6.975168
strong,0.0000,21,7.216199
strong,0.0000,22,7.417623
strong,0.0000,23,7.608191
strong,0.0000,24,7.780705
strong,0.0000,25,7.925631
strong,0.0000,26,8.060714
strong,0.0000,27,8.171683
strong,0.0000,28,8.258122
strong,0.0000,29,8.351230
strong,0.0000,30,8.419963
strong,0.0000,31,8.477598
strong,0.0000,32,8.522470
strong,0.0000,33,8.562271
strong,0.0000,34,8.597927
strong,0.0000,35,8.626236
strong,0.0000,36,8.650434
strong,0.0000,37,8.672468
strong,0.0000,38,8.691380
strong,0.0000,39,8.707041
strong,0.0000,40,8.725462
strong,0.0000,41,8.737659
strong,0.0000,42,8.747479
strong,0.0000,43,8.754158
strong,0.0000,44,8.759390
strong,0.0000,45,8.763922
strong,0.0000,46,8.766154
strong,0.0000,47,8.768545
strong,0.0000,48,8.771156
strong,0.0000,49,8.771976
strong,0.0000,50,8.772533
strong,0.0000,51,8.773202
strong,0.0000,52,8.774076
strong,0.0000,53,8.774739
strong,0.0000,54,8.775142
strong,0.0000,55,8.775566
strong,0.0000,56,8.775864
strong,0.0000,57,8.776364
strong,0.0000,58,8.776803
strong,0.0000,59,8.777524
strong,0.0000,60,8.777524
strong,0.0000,61,8.777524
strong,0.0000,62,8.777524
strong,0.0000,63,8.777524
strong,0.0000,64,8.777524
strong,0.0000,65,8.777524
strong,0.0000,66,8.777524
strong,0.0000,67,8.777524
strong,0.0000,68,8.777524
strong,0.0000,69,8.777524
strong,0.0000,70,8.777524
strong,0.0000,71,8.777524
strong,0.0000,72,8.777524
strong,0.0000,73,8.777524
strong,0.0000,74,8.777524
strong,0.0000,75,8.777524
strong,0.0000,76,8.777524
strong,0.0000,77,8.777524
strong,0.0000,78,8.777524
strong,0.0000,79,8.777524
strong,0.0000,80,8.777524
strong,0.0000,81,8.777524
strong,0.0000,82,8.777524
strong,0.0000,83,8.777524
strong,0.0000,84,8.777524
strong,0.0000,85,8.777524
strong,0.0000,86,8.777524
strong,0.0000,87,8.777524
strong,0.0000,88,8.777524
strong,0.0000,89,8.777524
strong,0.0000,90,8.777524
strong,0.0000,91,8.777524
strong,0.0000,92,8.777524
strong,0.0000,93,8.777524
strong,0.0000,94,8.777524
strong,0.0000,95,8.777524
strong,0.0000,96,8.777524
strong,0.0000,97,8.777524
strong,0.0000,98,8.777524
strong,0.0000,99,8.777524
strong,0.0000,100,8.777524
strong,0.0000,101,8.777524
strong,0.0000,102,8.777524
strong,0.0000,103,8.777524
strong,0.0000,104,8.777524
strong,0.0000,105,8.777524
strong,0.0000,106,8.777524
strong,0.0000,107,8.777524
strong,0.0000,108,8.777524
strong,0.0000,109,8.777524
strong,0.0000,110,8.777524
strong,0.0000,111,8.777524
strong,0.0000,112,8.777524
strong,0.0000,113,8.777524
strong,0.0000,114,8.777524
strong,0.0000,115,8.777524
strong,0.0000,116,8.777524
strong,0.0000,117,8.777524
strong,0.0000,118,8.777524
strong,0.0000,119,8.777524
strong,0.0000,120,8.777524
strong,0.0000,121,8.777524
strong,0.0000,122,8.777524
strong,0.0000,123,8.777524
strong,0.0000,124,8.777524
strong,0.0000,125,8.777524
strong,0.0000,126,8.777524
strong,0.0000,127,8.777524
strong,0.0000,128,8.777524
strong,0.0000,129,8.777524
strong,0.0000,130,8.777524
strong,0.0000,131,8.777524
strong,0.0000,132,8.777524
strong,0.0000,133,8.777524
strong,0.0000,134,8.777524
strong,0.0000,135,8.777524
strong,0.0000,136,8.777524
strong,0.0000,137,8.777524
strong,0.0000,138,8.777524
strong,0.0000,139,8.777524
strong,0.0000,140,8.777524
strong,0.0000,141,8.777524
strong,0.0000,142,8.777524
strong,0.0000,143,8.777524
strong,0.0000,144,8.777524
strong,0.0000,145,8.777524
strong,0.0000,146,8.777524
strong,0.0000,147,8.777524
strong,0.0000,148,8.777524
strong,0.0000,149,8.777524
strong,0.0000,150,8.777524
strong,0.0000,151,8.777524
strong,0.0000,152,8.777524
strong,0.0000,153,8.777524
strong,0.0000,154,8.777524
strong,0.0000,155,8.777524
strong,0.0000,156,8.777524
strong,0.0000,157,8.777524
strong,0.0000,158,8.777524
strong,0.0000,159,8.777524
strong,0.0000,160,8.777524
strong,0.0000,161,8.777524
strong,0.0000,162,8.777524
strong,0.0000,163,8.777524
strong,0.0000,164,8.777524
strong,0.0000,165,8.777524
strong,0.0000,166,8.777524
strong,0.0000,167,8.777524
strong,0.0000,168,8.777524
strong,0.0000,169,8.777524
strong,0.0000,170,8.777524
strong,0.0000,171,8.777524
strong,0.0000,172,8.777524
strong,0.0000,173,8.777524
strong,0.0000,174,8.777524
strong,0.0000,175,8.777524
strong,0.0000,176,8.777524
strong,0.0000,177,8.777524
strong,0.0000,178,8.777524
strong,0.0000,179,8.777524
strong,0.0000,180,8.777524
strong,0.0000,181,8.777524
strong,0.0000,182,8.777524
strong,0.0000,183,8.777524
strong,0.0000,184,8.777524
strong,0.0000,185,8.777524
strong,0.0000,186,8.777524
strong,0.0000,187,8.777524
strong,0.0000,188,8.777524
strong,0.0000,189,8.777524
strong,0.0000,190,8.777524
strong,0.0000,191,8.777524
strong,0.0000,192,8.777524
strong,0.0000,193,8.777524
strong,0.0000,194,8.777524
strong,0.0000,195,8.777524
strong,0.0000,196,8.777524
strong,0.0000,197,8.777524
strong,0.0000,198,8.777524
strong,0.0000,199,8.777524
strong,0.0000,200,8.777524
strong,0.2000,0,0.000000
strong,0.2000,1,0.622773
strong,0.2000,2,1.222285
strong,0.2000,3,1.851332
strong,0.2000,4,2.501970
strong,0.2000,5,3.147404
strong,0.2000,6,3.789101
strong,0.2000,7,4.423860
strong,0.2000,8,5.055666
strong,0.2000,9,5.652672
strong,0.2000,10,6.199690
strong,0.2000,11,6.704938
strong,0.2000,12,7.103178
strong,0.2000,13,7.360170
strong,0.2000,14,7.480702
strong,0.2000,15,7.527331
strong,0.2000,16,7.547423
strong,0.2000,17,7.554795
strong,0.2000,18,7.555972
strong,0.2000,19,7.556710
strong,0.2000,20,7.556710
strong,0.2000,21,7.556710
strong,0.2000,22,7.556710
strong,0.2000,23,7.556710
strong,0.2000,24,7.556710
strong,0.2000,25,7.556710
strong,0.2000,26,7.556710
strong,0.2000,27,7.556710
strong,0.2000,28,7.556710
strong,0.2000,29,7.556710
strong,0.2000,30,7.556710
strong,0.2000,31,7.556710
strong,0.2000,32,7.556710
strong,0.2000,33,7.556710
strong,0.2000,34,7.556710
strong,0.2000,35,7.556710
strong,0.2000,36,7.556710
strong,0.2000,37,7.556710
strong,0.2000,38,7.556710
strong,0.2000,39,7.556710
strong,0.2000,40,7.556710
strong,0.2000,41,7.556710
strong,0.2000,42,7.556710
strong,0.2000,43,7.556710
strong,0.2000,44,7.556710
strong,0.2000,45,7.556710
strong,0.2000,46,7.556710
strong,0.2000,47,7.556710
strong,0.2000,48,7.556710
strong,0.2000,49,7.556710
strong,0.2000,50,7.556710
strong,0.2000,51,7.556710
strong,0.2000,52,7.556710
strong,0.2000,53,7.556710
strong,0.2000,54,7.556710
strong,0.2000,55,7.556710
strong,0.2000,56,7.556710
strong,0.2000,57,7.556710
strong,0.2000,58,7.556710
strong,0.2000,59,7.556710
strong,0.2000,60,7.556710
strong,0.2000,61,7.556710
strong,0.2000,62,7.556710
strong,0.2000,63,7.556710
strong,0.2000,64,7.556710
strong,0.2000,65,7.556710
strong,0.2000,66,7.556710
strong,0.2000,67,7.556710
strong,0.2000,68,7.556710
strong,0.2000,69,7.556710
strong,0.2000,70,7.556710
strong,0.2000,71,7.556710
strong,0.2000,72,7.556710
strong,0.2000,73,7.556710
strong,0.2000,74,7.556710
strong,0.2000,75,7.556710
strong,0.2000,76,7.556710
strong,0.2000,77,7.556710
strong,0.2000,78,7.556710
strong,0.2000,79,7.556710
strong,0.2000,80,7.556710
strong,0.2000,81,7.556710
strong,0.2000,82,7.556710
strong,0.2000,83,7.556710
strong,0.2000,84,7.556710
strong,0.2000,85,7.556710
strong,0.2000,86,7.556710
strong,0.2000,87,7.556710
strong,0.2000,88,7.556710
strong,0.2000,89,7.556710
strong,0.2000,90,7.556710
strong,0.2000,91,7.556710
strong,0.2000,92,7.556710
strong,0.2000,93,7.556710
strong,0.2000,94,7.556710
strong,0.2000,95,7.556710
strong,0.2000,96,7.556710
strong,0.2000,97,7.556710
strong,0.2000,98,7.556710
strong,0.2000,99,7.556710
strong,0.2000,100,7.556710
strong,0.2000,101,7.556710
strong,0.2000,102,7.556710
strong,0.2000,103,7.556710
strong,0.2000,104,7.556710
strong,0.2000,105,7.556710
strong,0.2000,106,7.556710
strong,0.2000,107,7.556710
strong,0.2000,108,7.556710
strong,0.2000,109,7.556710
strong,0.2000,110,7.556710
strong,0.2000,111,7.556710
strong,0.2000,112,7.556710
strong,0.2000,113,7.556710
strong,0.2000,114,7.556710
strong,0.2000,115,7.556710
strong,0.2000,116,7.556710
strong,0.2000,117,7.556710
strong,0.2000,118,7.556710
strong,0.2000,119,7.556710
strong,0.2000,120,7.556710
strong,0.2000,121,7.556710
strong,0.2000,122,7.556710
strong,0.2000,123,7.556710
strong,0.2000,124,7.556710
strong,0.2000,125,7.556710
strong,0.2000,126,7.556710
strong,0.2000,127,7.556710
strong,0.2000,128,7.556710
strong,0.2000,129,7.556710
strong,0.2000,130,7.556710
strong,0.2000,131,7.556710
strong,0.2000,132,7.556710
strong,0.2000,133,7.556710
strong,0.2000,134,7.556710
strong,0.2000,135,7.556710
strong,0.2000,136,7.556710
strong,0.2000,137,7.556710
strong,0.2000,138,7.556710
strong,0.2000,139,7.556710
strong,0.2000,140,7.556710
strong,0.2000,141,7.556710
strong,0.2000,142,7.556710
strong,0.2000,143,7.556710
strong,0.2000,144,7.556710
strong,0.2000,145,7.556710
strong,0.2000,146,7.556710
strong,0.2000,147,7.556710
strong,0.2000,148,7.556710
strong,0.2000,149,7.556710
strong,0.2000,150,7.556710
strong,0.2000,151,7.556710
strong,0.2000,152,7.556710
strong,0.2000,153,7.556710
strong,0.2000,154,7.556710
strong,0.2000,155,7.556710
strong,0.2000,156,7.556710
strong,0.2000,157,7.556710
strong,0.2000,158,7.556710
strong,0.2000,159,7.556710
strong,0.2000,160,7.556710
strong,0.2000,161,7.556710
strong,0.2000,162,7.556710
strong,0.2000,163,7.556710
strong,0.2000,164,7.556710
strong,0.2000,165,7.556710
strong,0.2000,166,7.556710
strong,0.2000,167,7.556710
strong,0.2000,168,7.556710
strong,0.2000,169,7.556710
strong,0.2000,170,7.556710
strong,0.2000,171,7.556710
strong,0.2000,172,7.556710
strong,0.2000,173,7.556710
strong,0.2000,174,7.556710
strong,0.2000,175,7.556710
strong,0.2000,176,7.556710
strong,0.2000,177,7.556710
strong,0.2000,178,7.556710
strong,0.2000,179,7.556710
strong,0.2000,180,7.556710
strong,0.2000,181,7.556710
strong,0.2000,182,7.556710
strong,0.2000,183,7.556710
strong,0.2000,184,7.556710
strong,0.2000,185,7.556710
strong,0.2000,186,7.556710
strong,0.2000,187,7.556710
strong,0.2000,188,7.556710
strong,0.2000,189,7.556710
strong,0.2000,190,7.556710
strong,0.2000,191,7.556710
strong,0.2000,192,7.556710
strong,0.2000,193,7.556710
strong,0.2000,194,7.556710
strong,0.2000,195,7.556710
strong,0.2000,196,7.556710
strong,0.2000,197,7.556710
strong,0.2000,198,7.556710
strong,0.2000,199,7.556710
strong,0.2000,200,7.556710
strong,0.4000,0,0.000000
strong,0.4000,1,0.717824
strong,0.4000,2,1.470161
strong,0.4000,3,2.230910
strong,0.4000,4,3.000067
strong,0.4000,5,3.770040
strong,0.4000,6,4.537240
strong,0.4000,7,5.263045
strong,0.4000,8,5.939307
strong,0.4000,9,6.566030
strong,0.4000,10,7.042040
strong,0.4000,11,7.205642
strong,0.4000,12,7.233854
strong,0.4000,13,7.239738
strong,0.4000,14,7.242401
strong,0.4000,15,7.244259
strong,0.4000,16,7.244738
strong,0.4000,17,7.244738
strong,0.4000,18,7.244738
strong,0.4000,19,7.244738
strong,0.4000,20,7.244738
strong,0.4000,21,7.244738
strong,0.4000,22,7.244738
strong,0.4000,23,7.244738
strong,0.4000,24,7.244738
strong,0.4000,25,7.244738
strong,0.4000,26,7.244738
strong,0.4000,27,7.244738
strong,0.4000,28,7.244738
strong,0.4000,29,7.244738
strong,0.4000,30,7.244738
strong,0.4000,31,7.244738
strong,0.4000,32,7.244738
strong,0.4000,33,7.244738
strong,0.4000,34,7.244738
strong,0.4000,35,7.244738
strong,0.4000,36,7.244738
strong,0.4000,37,7.244738
strong,0.4000,38,7.244738
strong,0.4000,39,7.244738
strong,0.4000,40,7.244738
strong,0.4000,41,7.244738
strong,0.4000,42,7.244738
strong,0.4000,43,7.244738
strong,0.4000,44,7.244738
strong,0.4000,45,7.244738
strong,0.4000,46,7.244738
strong,0.4000,47,7.244738
strong,0.4000,48,7.244738
strong,0.4000,49,7.244738
strong,0.4000,50,7.244738
strong,0.4000,51,7.244738
strong,0.4000,52,7.244738
strong,0.4000,53,7.244738
strong,0.4000,54,7.244738
strong,0.4000,55,7.244738
strong,0.4000,56,7.244738
strong,0.4000,57,7.244738
strong,0.4000,58,7.244738
strong,0.4000,59,7.244738
strong,0.4000,60,7.244738
strong,0.4000,61,7.244738
strong,0.4000,62,7.244738
strong,0.4000,63,7.244738
strong,0.4000,64,7.244738
strong,0.4000,65,7.244738
strong,0.4000,66,7.244738
strong,0.4000,67,7.244738
strong,0.4000,68,7.244738
strong,0.4000,69,7.244738
strong,0.4000,70,7.244738
strong,0.4000,71,7.244738
strong,0.4000,72,7.244738
strong,0.4000,73,7.244738
strong,0.4000,74,7.244738
strong,0.4000,75,7.244738
strong,0.4000,76,7.244738
strong,0.4000,77,7.244738
strong,0.4000,78,7.244738
strong,0.4000,79,7.244738
strong,0.4000,80,7.244738
strong,0.4000,81,7.244738
strong,0.4000,82,7.244738
strong,0.4000,83,7.244738
strong,0.4000,84,7.244738
strong,0.4000,85,7.244738
strong,0.4000,86,7.244738
strong,0.4000,87,7.244738
strong,0.4000,88,7.244738
strong,0.4000,89,7.244738
strong,0.4000,90,7.244738
strong,0.4000,91,7.244738
strong,0.4000,92,7.244738
strong,0.4000,93,7.244738
strong,0.4000,94,7.244738
strong,0.4000,95,7.244738
strong,0.4000,96,7.244738
strong,0.4000,97,7.244738
strong,0.4000,98,7.244738
strong,0.4000,99,7.244738
strong,0.4000,100,7.244738
strong,0.4000,101,7.244738
strong,0.4000,102,7.244738
strong,0.4000,103,7.244738
strong,0.4000,104,7.244738
strong,0.4000,105,7.244738
strong,0.4000,106,7.244738
strong,0.4000,107,7.244738
strong,0.4000,108,7.244738
strong,0.4000,109,7.244738
strong,0.4000,110,7.244738
strong,0.4000,111,7.244738
strong,0.4000,112,7.244738
strong,0.4000,113,7.244738
strong,0.4000,114,7.244738
strong,0.4000,115,7.244738
strong,0.4000,116,7.244738
strong,0.4000,117,7.244738
strong,0.4000,118,7.244738
strong,0.4000,119,7.244738
strong,0.4000,120,7.244738
strong,0.4000,121,7.244738
strong,0.4000,122,7.244738
strong,0.4000,123,7.244738
strong,0.4000,124,7.244738
strong,0.4000,125,7.244738
strong,0.4000,126,7.244738
strong,0.4000,127,7.244738
strong,0.4000,128,7.244738
strong,0.4000,129,7.244738
strong,0.4000,130,7.244738
strong,0.4000,131,7.244738
strong,0.4000,132,7.244738
strong,0.4000,133,7.244738
strong,0.4000,134,7.244738
strong,0.4000,135,7.244738
strong,0.4000,136,7.244738
strong,0.4000,137,7.244738
strong,0.4000,138,7.244738
strong,0.4000,139,7.244738
strong,0.4000,140,7.244738
strong,0.4000,141,7.244738
strong,0.4000,142,7.244738
strong,0.4000,143,7.244738
strong,0.4000,144,7.244738
strong,0.4000,145,7.244738
strong,0.4000,146,7.244738
strong,0.4000,147,7.244738
strong,0.4000,148,7.244738
strong,0.4000,149,7.244738
strong,0.4000,150,7.244738
strong,0.4000,151,7.244738
strong,0.4000,152,7.244738
strong,0.4000,153,7.244738
strong,0.4000,154,7.244738
strong,0.4000,155,7.244738
strong,0.4000,156,7.244738
strong,0.4000,157,7.244738
strong,0.4000,158,7.244738
strong,0.4000,159,7.244738
strong,0.4000,160,7.244738
strong,0.4000,161,7.244738
strong,0.4000,162,7.244738
strong,0.4000,163,7.244738
strong,0.4000,164,7.244738
strong,0.4000,165,7.244738
strong,0.4000,166,7.244738
strong,0.4000,167,7.244738
strong,0.4000,168,7.244738
strong,0.4000,169,7.244738
strong,0.4000,170,7.244738
strong,0.4000,171,7.244738
strong,0.4000,172,7.244738
strong,0.4000,173,7.244738
strong,0.4000,174,7.244738
strong,0.4000,175,7.244738
strong,0.4000,176,7.244738
strong,0.4000,177,7.244738
strong,0.4000,178,7.244738
strong,0.4000,179,7.244738
strong,0.4000,180,7.244738
strong,0.4000,181,7.244738
strong,0.4000,182,7.244738
strong,0.4000,183,7.244738
strong,0.4000,184,7.244738
strong,0.4000,185,7.244738
strong,0.4000,186,7.244738
strong,0.4000,187,7.244738
strong,0.4000,188,7.244738
strong,0.4000,189,7.244738
strong,0.4000,190,7.244738
strong,0.4000,191,7.244738
strong,0.4000,192,7.244738
strong,0.4000,193,7.244738
strong,0.4000,194,7.244738
strong,0.4000,195,7.244738
strong,0.4000,196,7.244738
strong,0.4000,197,7.244738
strong,0.4000,198,7.244738
strong,0.4000,199,7.244738
strong,0.4000,200,7.244738
strong,0.6000,0,0.000000
strong,0.6000,1,0.791026
strong,0.6000,2,1.612104
strong,0.6000,3,2.439497
strong,0.6000,4,3.263914
strong,0.6000,5,4.074967
strong,0.6000,6,4.882502
strong,0.6000,7,5.631131
strong,0.6000,8,6.332914
strong,0.6000,9,6.915577
strong,0.6000,10,7.090162
strong,0.6000,11,7.106873
strong,0.6000,12,7.109285
strong,0.6000,13,7.109517
strong,0.6000,14,7.109517
strong,0.6000,15,7.109517
strong,0.6000,16,7.109517
strong,0.6000,17,7.109517
strong,0.6000,18,7.109517
strong,0.6000,19,7.109517
strong,0.6000,20,7.109517
strong,0.6000,21,7.109517
strong,0.6000,22,7.109517
strong,0.6000,23,7.109517
strong,0.6000,24,7.109517
strong,0.6000,25,7.109517
strong,0.6000,26,7.109517
strong,0.6000,27,7.109517
strong,0.6000,28,7.109517
strong,0.6000,29,7.109517
strong,0.6000,30,7.109517
strong,0.6000,31,7.109517
strong,0.6000,32,7.109517
strong,0.6000,33,7.109517
strong,0.6000,34,7.109517
strong,0.6000,35,7.109517
strong,0.6000,36,7.109517
strong,0.6000,37,7.109517
strong,0.6000,38,7.109517
strong,0.6000,39,7.109517
strong,0.6000,40,7.109517
strong,0.6000,41,7.109517
strong,0.6000,42,7.109517
strong,0.6000,43,7.109517
strong,0.6000,44,7.109517
strong,0.6000,45,7.109517
strong,0.6000,46,7.109517
strong,0.6000,47,7.109517
strong,0.6000,48,7.109517
strong,0.6000,49,7.109517
strong,0.6000,50,7.109517
strong,0.6000,51,7.109517
strong,0.6000,52,7.109517
strong,0.6000,53,7.109517
strong,0.6000,54,7.109517
strong,0.6000,55,7.109517
strong,0.6000,56,7.109517
strong,0.6000,57,7.109517
strong,0.6000,58,7.109517
strong,0.6000,59,7.109517
strong,0.6000,60,7.109517
strong,0.6000,61,7.109517
strong,0.6000,62,7.109517
strong,0.6000,63,7.109517
strong,0.6000,64,7.109517
strong,0.6000,65,7.109517
strong,0.6000,66,7.109517
strong,0.6000,67,7.109517
strong,0.6000,68,7.109517
strong,0.6000,69,7.109517
strong,0.6000,70,7.109517
strong,0.6000,71,7.109517
strong,0.6000,72,7.109517
strong,0.6000,73,7.109517
strong,0.6000,74,7.109517
strong,0.6000,75,7.109517
strong,0.6000,76,7.109517
strong,0.6000,77,7.109517
strong,0.6000,78,7.109517
strong,0.6000,79,7.109517
strong,0.6000,80,7.109517
strong,0.6000,81,7.109517
strong,0.6000,82,7.109517
strong,0.6000,83,7.109517
strong,0.6000,84,7.109517
strong,0.6000,85,7.109517
strong,0.6000,86,7.109517
strong,0.6000,87,7.109517
strong,0.6000,88,7.109517
strong,0.6000,89,7.109517
strong,0.6000,90,7.109517
strong,0.6000,91,7.109517
strong,0.6000,92,7.109517
strong,0.6000,93,7.109517
strong,0.6000,94,7.109517
strong,0.6000,95,7.109517
strong,0.6000,96,7.109517
strong,0.6000,97,7.109517
strong,0.6000,98,7.109517
strong,0.6000,99,7.109517
strong,0.6000,100,7.109517
strong,0.6000,101,7.109517
strong,0.6000,102,7.109517
strong,0.6000,103,7.109517
strong,0.6000,104,7.109517
strong,0.6000,105,7.109517
strong,0.6000,106,7.109517
strong,0.6000,107,7.109517
strong,0.6000,108,7.109517
strong,0.6000,109,7.109517
strong,0.6000,110,7.109517
strong,0.6000,111,7.109517
strong,0.6000,112,7.109517
strong,0.6000,113,7.109517
strong,0.6000,114,7.109517
strong,0.6000,115,7.109517
strong,0.6000,116,7.109517
strong,0.6000,117,7.109517
strong,0.6000,118,7.109517
strong,0.6000,119,7.109517
strong,0.6000,120,7.109517
strong,0.6000,121,7.109517
strong,0.6000,122,7.109517
strong,0.6000,123,7.109517
strong,0.6000,124,7.109517
strong,0.6000,125,7.109517
strong,0.6000,126,7.109517
strong,0.6000,127,7.109517
strong,0.6000,128,7.109517
strong,0.6000,129,7.109517
strong,0.6000,130,7.109517
strong,0.6000,131,7.109517
strong,0.6000,132,7.109517
strong,0.6000,133,7.109517
strong,0.6000,134,7.109517
strong,0.6000,135,7.109517
strong,0.6000,136,7.109517
strong,0.6000,137,7.109517
strong,0.6000,138,7.109517
strong,0.6000,139,7.109517
strong,0.6000,140,7.109517
strong,0.6000,141,7.109517
strong,0.6000,142,7.109517
strong,0.6000,143,7.109517
strong,0.6000,144,7.109517
strong,0.6000,145,7.109517
strong,0.6000,146,7.109517
strong,0.6000,147,7.109517
strong,0.6000,148,7.109517
strong,0.6000,149,7.109517
strong,0.6000,150,7.109517
strong,0.6000,151,7.109517
strong,0.6000,152,7.109517
strong,0.6000,153,7.109517
strong,0.6000,154,7.109517
strong,0.6000,155,7.109517
strong,0.6000,156,7.109517
strong,0.6000,157,7.109517
strong,0.6000,158,7.109517
strong,0.6000,159,7.109517
strong,0.6000,160,7.109517
strong,0.6000,161,7.109517
strong,0.6000,162,7.109517
strong,0.6000,163,7.109517
strong,0.6000,164,7.109517
strong,0.6000,165,7.109517
strong,0.6000,166,7.109517
strong,0.6000,167,7.109517
strong,0.6000,168,7.109517
strong,0.6000,169,7.109517
strong,0.6000,170,7.109517
strong,0.6000,171,7.109517
strong,0.6000,172,7.109517
strong,0.6000,173,7.109517
strong,0.6000,174,7.109517
strong,0.6000,175,7.109517
strong,0.6000,176,7.109517
strong,0.6000,177,7.109517
strong,0.6000,178,7.109517
strong,0.6000,179,7.109517
strong,0.6000,180,7.109517
strong,0.6000,181,7.109517
strong,0.6000,182,7.109517
strong,0.6000,183,7.109517
strong,0.6000,184,7.109517
strong,0.6000,185,7.109517
strong,0.6000,186,7.109517
strong,0.6000,187,7.109517
strong,0.6000,188,7.109517
strong,0.6000,189,7.109517
strong,0.6000,190,7.109517
strong,0.6000,191,7.109517
strong,0.6000,192,7.109517
strong,0.6000,193,7.109517
strong,0.6000,194,7.109517
strong,0.6000,195,7.109517
strong,0.6000,196,7.109517
strong,0.6000,197,7.109517
strong,0.6000,198,7.109517
strong,0.6000,199,7.109517
strong,0.6000,200,7.109517
strong,0.8000,0,0.000000
strong,0.8000,1,0.883603
strong,0.8000,2,1.762333
strong,0.8000,3,2.632855
strong,0.8000,4,3.496797
strong,0.8000,5,4.355243
strong,0.8000,6,5.197884
strong,0.8000,7,5.973697
strong,0.8000,8,6.708064
strong,0.8000,9,7.122514
strong,0.8000,10,7.152734
strong,0.8000,11,7.153403
strong,0.8000,12,7.153403
strong,0.8000,13,7.153403
strong,0.8000,14,7.153403
strong,0.8000,15,7.153403
strong,0.8000,16,7.153403
strong,0.8000,17,7.153403
strong,0.8000,18,7.153403
strong,0.8000,19,7.153403
strong,0.8000,20,7.153403
strong,0.8000,21,7.153403
strong,0.8000,22,7.153403
strong,0.8000,23,7.153403
strong,0.8000,24,7.153403
strong,0.8000,25,7.153403
strong,0.8000,26,7.153403
strong,0.8000,27,7.153403
strong,0.8000,28,7.153403
strong,0.8000,29,7.153403
strong,0.8000,30,7.153403
strong,0.8000,31,7.153403
strong,0.8000,32,7.153403
strong,0.8000,33,7.153403
strong,0.8000,34,7.153403
strong,0.8000,35,7.153403
strong,0.8000,36,7.153403
strong,0.8000,37,7.153403
strong,0.8000,38,7.153403
strong,0.8000,39,7.153403
strong,0.8000,40,7.153403
strong,0.8000,41,7.153403
strong,0.8000,42,7.153403
strong,0.8000,43,7.153403
strong,0.8000,44,7.153403
strong,0.8000,45,7.153403
strong,0.8000,46,7.153403
strong,0.8000,47,7.153403
strong,0.8000,48,7.153403
strong,0.8000,49,7.153403
strong,0.8000,50,7.153403
strong,0.8000,51,7.153403
strong,0.8000,52,7.153403
strong,0.8000,53,7.153403
strong,0.8000,54,7.153403
strong,0.8000,55,7.153403
strong,0.8000,56,7.153403
strong,0.8000,57,7.153403
strong,0.8000,58,7.153403
strong,0.8000,59,7.153403
strong,0.8000,60,7.153403
strong,0.8000,61,7.153403
strong,0.8000,62,7.153403
strong,0.8000,63,7.153403
strong,0.8000,64,7.153403
strong,0.8000,65,7.153403
strong,0.8000,66,7.153403
strong,0.8000,67,7.153403
strong,0.8000,68,7.153403
strong,0.8000,69,7.153403
strong,0.8000,70,7.153403
strong,0.8000,71,7.153403
strong,0.8000,72,7.153403
strong,0.8000,73,7.153403
strong,0.8000,74,7.153403
strong,0.8000,75,7.153403
strong,0.8000,76,7.153403
strong,0.8000,77,7.153403
strong,0.8000,78,7.153403
strong,0.8000,79,7.153403
strong,0.8000,80,7.153403
strong,0.8000,81,7.153403
strong,0.8000,82,7.153403
strong,0.8000,83,7.153403
strong,0.8000,84,7.153403
strong,0.8000,85,7.153403
strong,0.8000,86,7.153403
strong,0.8000,87,7.153403
strong,0.8000,88,7.153403
strong,0.8000,89,7.153403
strong,0.8000,90,7.153403
strong,0.8000,91,7.153403
strong,0.8000,92,7.153403
strong,0.8000,93,7.153403
strong,0.8000,94,7.153403
strong,0.8000,95,7.153403
strong,0.8000,96,7.153403
strong,0.8000,97,7.153403
strong,0.8000,98,7.153403
strong,0.8000,99,7.153403
strong,0.8000,100,7.153403
strong,0.8000,101,7.153403
strong,0.8000,102,7.153403
strong,0.8000,103,7.153403
strong,0.8000,104,7.153403
strong,0.8000,105,7.153403
strong,0.8000,106,7.153403
strong,0.8000,107,7.153403
strong,0.8000,108,7.153403
strong,0.8000,109,7.153403
strong,0.8000,110,7.153403
strong,0.8000,111,7.153403
strong,0.8000,112,7.153403
strong,0.8000,113,7.153403
strong,0.8000,114,7.153403
strong,0.8000,115,7.153403
strong,0.8000,116,7.153403
strong,0.8000,117,7.153403
strong,0.8000,118,7.153403
strong,0.8000,119,7.153403
strong,0.8000,120,7.153403
strong,0.8000,121,7.153403
strong,0.8000,122,7.153403
strong,0.8000,123,7.153403
strong,0.8000,124,7.153403
strong,0.8000,125,7.153403
strong,0.8000,126,7.153403
strong,0.8000,127,7.153403
strong,0.8000,128,7.153403
strong,0.8000,129,7.153403
strong,0.8000,130,7.153403
strong,0.8000,131,7.153403
strong,0.8000,132,7.153403
strong,0.8000,133,7.153403
strong,0.8000,134,7.153403
strong,0.8000,135,7.153403
strong,0.8000,136,7.153403
strong,0.8000,137,7.153403
strong,0.8000,138,7.153403
strong,0.8000,139,7.153403
strong,0.8000,140,7.153403
strong,0.8000,141,7.153403
strong,0.8000,142,7.153403
strong,0.8000,143,7.153403
strong,0.8000,144,7.153403
strong,0.8000,145,7.153403
strong,0.8000,146,7.153403
strong,0.8000,147,7.153403
strong,0.8000,148,7.153403
strong,0.8000,149,7.153403
strong,0.8000,150,7.153403
strong,0.8000,151,7.153403
strong,0.8000,152,7.153403
strong,0.8000,153,7.153403
strong,0.8000,154,7.153403
strong,0.8000,155,7.153403
strong,0.8000,156,7.153403
strong,0.8000,157,7.153403
strong,0.8000,158,7.153403
strong,0.8000,159,7.153403
strong,0.8000,160,7.153403
strong,0.8000,161,7.153403
strong,0.8000,162,7.153403
strong,0.8000,163,7.153403
strong,0.8000,164,7.153403
strong,0.8000,165,7.153403
strong,0.8000,166,7.153403
strong,0.8000,167,7.153403
strong,0.8000,168,7.153403
strong,0.8000,169,7.153403
strong,0.8000,170,7.153403
strong,0.8000,171,7.153403
strong,0.8000,172,7.153403
strong,0.8000,173,7.153403
strong,0.8000,174,7.153403
strong,0.8000,175,7.153403
strong,0.8000,176,7.153403
strong,0.8000,177,7.153403
strong,0.8000,178,7.153403
strong,0.8000,179,7.153403
strong,0.8000,180,7.153403
strong,0.8000,181,7.153403
strong,0.8000,182,7.153403
strong,0.8000,183,7.153403
strong,0.8000,184,7.153403
strong,0.8000,185,7.153403
strong,0.8000,186,7.153403
strong,0.8000,187,7.153403
strong,0.8000,188,7.153403
strong,0.8000,189,7.153403
strong,0.8000,190,7.153403
strong,0.8000,191,7.153403
strong,0.8000,192,7.153403
strong,0.8000,193,7.153403
strong,0.8000,194,7.153403
strong,0.8000,195,7.153403
strong,0.8000,196,7.153403
strong,0.8000,197,7.153403
strong,0.8000,198,7.153403
strong,0.8000,199,7.153403
strong,0.8000,200,7.153403
strong,1.0000,0,0.000000
strong,1.0000,1,0.973508
strong,1.0000,2,1.888861
strong,1.0000,3,2.789048
strong,1.0000,4,3.678171
strong,1.0000,5,4.568355
strong,1.0000,6,5.429884
strong,1.0000,7,6.218173
strong,1.0000,8,6.962084
strong,1.0000,9,7.165305
strong,1.0000,10,7.165305
strong,1.0000,11,7.165305
strong,1.0000,12,7.165305
strong,1.0000,13,7.165305
strong,1.0000,14,7.165305
strong,1.0000,15,7.165305
strong,1.0000,16,7.165305
strong,1.0000,17,7.165305
strong,1.0000,18,7.165305
strong,1.0000,19,7.165305
strong,1.0000,20,7.165305
strong,1.0000,21,7.165305
strong,1.0000,22,7.165305
strong,1.0000,23,7.165305
strong,1.0000,24,7.165305
strong,1.0000,25,7.165305
strong,1.0000,26,7.165305
strong,1.0000,27,7.165305
strong,1.0000,28,7.165305
strong,1.0000,29,7.165305
strong,1.0000,30,7.165305
strong,1.0000,31,7.165305
strong,1.0000,32,7.165305
strong,1.0000,33,7.165305
strong,1.0000,34,7.165305
strong,1.0000,35,7.165305
strong,1.0000,36,7.165305
strong,1.0000,37,7.165305
strong,1.0000,38,7.165305
strong,1.0000,39,7.165305
strong,1.0000,40,7.165305
strong,1.0000,41,7.165305
strong,1.0000,42,7.165305
strong,1.0000,43,7.165305
strong,1.0000,44,7.165305
strong,1.0000,45,7.165305
strong,1.0000,46,7.165305
strong,1.0000,47,7.165305
strong,1.0000,48,7.165305
strong,1.0000,49,7.165305
strong,1.0000,50,7.165305
strong,1.0000,51,7.165305
strong,1.0000,52,7.165305
strong,1.0000,53,7.165305
strong,1.0000,54,7.165305
strong,1.0000,55,7.165305
strong,1.0000,56,7.165305
strong,1.0000,57,7.165305
strong,1.0000,58,7.165305
strong,1.0000,59,7.165305
strong,1.0000,60,7.165305
strong,1.0000,61,7.165305
strong,1.0000,62,7.165305
strong,1.0000,63,7.165305
strong,1.0000,64,7.165305
strong,1.0000,65,7.165305
strong,1.0000,66,7.165305
strong,1.0000,67,7.165305
strong,1.0000,68,7.165305
strong,1.0000,69,7.165305
strong,1.0000,70,7.165305
strong,1.0000,71,7.165305
strong,1.0000,72,7.165305
strong,1.0000,73,7.165305
strong,1.0000,74,7.165305
strong,1.0000,75,7.165305
strong,1.0000,76,7.165305
strong,1.0000,77,7.165305
strong,1.0000,78,7.165305
strong,1.0000,79,7.165305
strong,1.0000,80,7.165305
strong,1.0000,81,7.165305
strong,1.0000,82,7.165305
strong,1.0000,83,7.165305
strong,1.0000,84,7.165305
strong,1.0000,85,7.165305
strong,1.0000,86,7.165305
strong,1.0000,87,7.165305
strong,1.0000,88,7.165305
strong,1.0000,89,7.165305
strong,1.0000,90,7.165305
strong,1.0000,91,7.165305
strong,1.0000,92,7.165305
strong,1.0000,93,7.165305
strong,1.0000,94,7.165305
strong,1.0000,95,7.165305
strong,1.0000,96,7.165305
strong,1.0000,97,7.165305
strong,1.0000,98,7.165305
strong,1.0000,99,7.165305
strong,1.0000,100,7.165305
strong,1.0000,101,7.165305
strong,1.0000,102,7.165305
strong,1.0000,103,7.165305
strong,1.0000,104,7.165305
strong,1.0000,105,7.165305
strong,1.0000,106,7.165305
strong,1.0000,107,7.165305
strong,1.0000,108,7.165305
strong,1.0000,109,7.165305
strong,1.0000,110,7.165305
strong,1.0000,111,7.165305
strong,1.0000,112,7.165305
strong,1.0000,113,7.165305
strong,1.0000,114,7.165305
strong,1.0000,115,7.165305
strong,1.0000,116,7.165305
strong,1.0000,117,7.165305
strong,1.0000,118,7.165305
strong,1.0000,119,7.165305
strong,1.0000,120,7.165305
strong,1.0000,121,7.165305
strong,1.0000,122,7.165305
strong,1.0000,123,7.165305
strong,1.0000,124,7.165305
strong,1.0000,125,7.165305
strong,1.0000,126,7.165305
strong,1.0000,127,7.165305
strong,1.0000,128,7.165305
strong,1.0000,129,7.165305
strong,1.0000,130,7.165305
strong,1.0000,131,7.165305
strong,1.0000,132,7.165305
strong,1.0000,133,7.165305
strong,1.0000,134,7.165305
strong,1.0000,135,7.165305
strong,1.0000,136,7.165305
strong,1.0000,137,7.165305
strong,1.0000,138,7.165305
strong,1.0000,139,7.165305
strong,1.0000,140,7.165305
strong,1.0000,141,7.165305
strong,1.0000,142,7.165305
strong,1.0000,143,7.165305
strong,1.0000,144,7.165305
strong,1.0000,145,7.165305
strong,1.0000,146,7.165305
strong,1.0000,147,7.165305
strong,1.0000,148,7.165305
strong,1.0000,149,7.165305
strong,1.0000,150,7.165305
strong,1.0000,151,7.165305
strong,1.0000,152,7.165305
strong,1.0000,153,7.165305
strong,1.0000,154,7.165305
strong,1.0000,155,7.165305
strong,1.0000,156,7.165305
strong,1.0000,157,7.165305
strong,1.0000,158,7.165305
strong,1.0000,159,7.165305
strong,1.0000,160,7.165305
strong,1.0000,161,7.165305
strong,1.0000,162,7.165305
strong,1.0000,163,7.165305
strong,1.0000,164,7.165305
strong,1.0000,165,7.165305
strong,1.0000,166,7.165305
strong,1.0000,167,7.165305
strong,1.0000,168,7.165305
strong,1.0000,169,7.165305
strong,1.0000,170,7.165305
strong,1.0000,171,7.165305
strong,1.0000,172,7.165305
strong,1.0000,173,7.165305
strong,1.0000,174,7.165305
strong,1.0000,175,7.165305
strong,1.0000,176,7.165305
strong,1.0000,177,7.165305
strong,1.0000,178,7.165305
strong,1.0000,179,7.165305
strong,1.0000,180,7.165305
strong,1.0000,181,7.165305
strong,1.0000,182,7.165305
strong,1.0000,183,7.165305
strong,1.0000,184,7.165305
strong,1.0000,185,7.165305
strong,1.0000,186,7.165305
strong,1.0000,187,7.165305
strong,1.0000,188,7.165305
strong,1.0000,189,7.165305
strong,1.0000,190,7.165305
strong,1.0000,191,7.165305
strong,1.0000,192,7.165305
strong,1.0000,193,7.165305
strong,1.0000,194,7.165305
strong,1.0000,195,7.165305
strong,1.0000,196,7.165305
strong,1.0000,197,7.165305
strong,1.0000,198,7.165305
strong,1.0000,199,7.165305
strong,1.0000,200,7.165305
